Critère,Clé,S'applique à,Groupe,Icône,Ordre,Filtre,Badge,Repère clé,Page dédiée,Introduction de la page,Titre SEO,Description SEO
Avec cascade,avec-cascade,Lieux,,💦,1,checked,,,,,,
Rappel,rappel,Sorties,,🪢,1,checked,,checked,,,,
Animaux acceptés,animaux-acceptes,Sorties,,🐕,2,checked,,,,,,
Famille,famille,Sorties,,👨‍👩‍👧,3,,checked,,,,,
Toboggans naturels,toboggans-naturels,Sorties,,🎢,4,,checked,,,,,
Bain de forêt,bain-de-foret,Sorties,,🌳,5,,checked,,,,,
Petit groupe,petit-groupe,Sorties,,👥,6,,checked,,,,,
Forêt primaire,foret-primaire,Sorties,,🌲,7,,checked,,,,,
Hors sentiers,hors-sentiers,Sorties,,🥾,8,,checked,,,,,
Journée,journee,Sorties,,☀️,9,,checked,,,,,
Formule Family,formule-family,Sorties,,👨‍👩‍👧,10,,checked,,,,,
Initiation technique,initiation-technique,Sorties,,🎓,11,,checked,,,,,
Demi-journée,demi-journee,Sorties,,🕐,12,,checked,,,,,
Rappel encadré,rappel-encadre,Sorties,,🪢,13,,checked,,,,,
Journée complète,journee-complete,Sorties,,☀️,14,,checked,,,,,
Pique-nique,pique-nique,Sorties,,🧺,15,,checked,,,,,
Sauts engagés,sauts-engages,Sorties,,💦,16,,checked,,,,,
Rappels enchaînés,rappels-enchaines,Sorties,,🪢,17,,checked,,,,,
Journée entière,journee-entiere,Sorties,,☀️,18,,checked,,,,,
Rappels hauts,rappels-hauts,Sorties,,🪢,19,,checked,,,,,
Expérience requise,experience-requise,Sorties,,⚠️,20,,checked,,,,,
