Nom,Slug,Type,Statut,Note de statut,Résumé,Ce qui la rend unique,Phrase unique — statut,Chapeau,Introduction,En savoir plus — titre,En savoir plus — texte,Autres noms,Bon à savoir,Conseil — guide,Conseil — texte,Critères,Difficulté,Durée sur place — min (min),Durée sur place — max (min),Durée sur place — précision,Marche d'approche — min (min),Marche d'approche — max (min),Marche d'approche — précision,Âge conseillé (ans),Baignade,Baignade — précision,Quand y aller,À confirmer,Île,Communes,Latitude,Longitude,Niveau de vérification,Vérifié le,Titre H2 — aperçu,Titre H2 — accès,Titre H2 — sortie,Titre H2 — FAQ,Pourquoi avec un guide,Titre SEO,Description SEO,Politique de localisation,Accès restreint,Statut d'accès,Statut d'accès — note,Statut d'accès — source,Statut d'accès — lien,Statut d'accès — vérifié le,Itinéraire,Itinéraire — texte,Repères d'accès,Parking,Temps de route,Accès guidé — texte,Dangers,Alerte — titre,Alerte — libellé court,Alerte — texte,Alerte — points,À apporter
Grande Rivière à Goyaves,grande-riviere-a-goyaves,Rivière,Publié,,"La principale rivière de Guadeloupe selon le Parc national, avec un bassin versant important.",,,,,,,,,,,,,,,,,,,,,,,,Basse-Terre,"Petit-Bourg,Lamentin,Sainte-Rose",,,Vérifié,,,,,,,,,Commune seulement,,,,,,,,,,,,,"Crues soudaines,Courant variable",,,,,
Rivière Lézarde,riviere-lezarde,Rivière,Publié,,Rivière associée au site du Saut de la Lézarde.,,,,,,,,,,,,,,,,,,,,,,,,Basse-Terre,Petit-Bourg,,,Partiellement vérifié,,,,,,,,,Commune seulement,,,,,,,,,,,,,"Crues soudaines,Roches glissantes",,,,,
Saut de la Lézarde,saut-de-la-lezarde,Cascade,Publié,,"Cascade d'une dizaine de mètres sur la rivière Lézarde, dans les hauteurs de Petit-Bourg, avec un bassin profond. On y descend par un sentier en forêt, boueux et raide par endroits.","Une chute d'une dizaine de mètres et un bassin profond, au bout d'un sentier de forêt.",Brouillon,"Une cascade d'une dizaine de mètres qui tombe dans un bassin profond, au bout d'une descente en forêt.","Le Saut de la Lézarde se trouve sur la rivière Lézarde, dans les hauteurs de Petit-Bourg, vers Vernou. On y accède par un sentier en forêt de 20 à 30 minutes, boueux et raide par endroits, qui descend jusqu'à une cascade d'une dizaine de mètres et un bassin profond entouré de roches.",,"Un sentier glissant qui descend en forêt, quelques passages sur racines, puis une cascade qui tombe dans un bassin profond entouré de roches.","Cascade de la Lézarde
Lézarde Falls","Hauteur : Une dizaine de mètres
Sentier : 20 à 30 min, raide
Parking : Privé, participation demandée",,,Avec cascade,Moyen,90,120,,20,30,aller (descente raide),8,Selon débit,possible sous conditions,"De décembre à mai, par temps sec. Le sentier devient très glissant après la pluie.","Difficulté,Durée sur place,Marche d'approche,Âge conseillé,Itinéraire,Temps de route,Parking,Quand y aller",Basse-Terre,Petit-Bourg,,,Partiellement vérifié,,"Saut de la Lézarde, la cascade de Petit-Bourg",Comment aller au Saut de la Lézarde,,Saut de la Lézarde : questions fréquentes,,,,Commune seulement,checked,,,,,,"Depuis Petit-Bourg, monter vers Vernou ; le départ du sentier se trouve en bord de route, près d'un parking privé.","Depuis Petit-Bourg, montez vers Vernou. Le départ du sentier se trouve en bord de route, près d'un parking privé.","🚗 Pointe-à-Pitre : 25 min de route — Par Petit-Bourg, puis la route de Vernou.
🅿️ Parking : Privé, payant — Une participation est demandée par le propriétaire.
🥾 Sentier : 20 à 30 min — Descente raide et boueuse par endroits, racines glissantes.",Parking privé à proximité (participation demandée),25 min depuis Pointe-à-Pitre,,"Crues soudaines,Roches glissantes,Profondeur variable",Vérifiez l'accès avant de partir,Accès à vérifier,L'accès au site peut être restreint. Renseignez-vous auprès de la mairie de Petit-Bourg avant de vous y rendre.,"Le sentier devient très glissant après la pluie.
Le bassin est profond : la baignade n'est pas surveillée.","Chaussures de randonnée
Maillot de bain
Serviette
Bouteille d'eau
Anti-moustique"
Rivière Moustique,riviere-moustique,Rivière,Publié,,Citée dans le classement réglementaire des cours d'eau de Guadeloupe et dans les offres de canyoning.,,,,,,,,,,,,,,,,,,,,,,,,Basse-Terre,Sainte-Rose,,,Partiellement vérifié,,,,,,,,,Commune seulement,,,,,,,,,,,,,"Crues soudaines,Courant,Roches glissantes",,,,,
Rivière Bras-David,riviere-bras-david,Rivière,Publié,,"Rivière de forêt tropicale au cœur du Parc national, le long de la Route de la Traversée. Elle est connue pour l'aire de pique-nique de Bras-David et les sentiers courts qui partent de la Maison de la Forêt.","Une rivière de forêt tropicale au bord de la Route de la Traversée, avec son aire de pique-nique.",Brouillon,"Une rivière de forêt tropicale, des tables au bord de l'eau et des sentiers courts pour toute la famille.","La rivière Bras-David coule au cœur du Parc national de la Guadeloupe, le long de la Route de la Traversée, sur la commune de Petit-Bourg. Elle est connue pour son aire de pique-nique et les sentiers courts qui partent de la Maison de la Forêt, à travers une forêt humide ombragée ponctuée de petits bassins.",,"Des sentiers ombragés en forêt humide, des tables de pique-nique au bord de la rivière et quelques bassins peu profonds.","Bras David
Rivière Bras David","Sentiers : 5 à 20 min
Équipements : Tables de pique-nique
À proximité : Maison de la Forêt",,,,Facile,60,120,,5,20,selon le sentier,4,Selon débit,"possible sous conditions, dans les petits bassins",Toute l'année ; la forêt reste humide même en saison sèche. Évitez la rivière après de fortes pluies.,"Résumé,Difficulté,Durée sur place,Marche d'approche,Âge conseillé,Itinéraire,Temps de route,Parking,Quand y aller,Baignade",Basse-Terre,Petit-Bourg,,,Partiellement vérifié,,"Rivière Bras-David, pique-nique et forêt au cœur du Parc national",Comment aller à la rivière Bras-David,,Rivière Bras-David : questions fréquentes,,,,Public : itinéraire publié,,Accès ouvert,Accès libre et gratuit.,,,,"Route de la Traversée (D23), secteur de la Maison de la Forêt, commune de Petit-Bourg.",Prenez la Route de la Traversée (D23) depuis Petit-Bourg jusqu'au secteur de la Maison de la Forêt. Les parkings de l'aire de Bras-David sont en bord de route.,"🚗 Pointe-à-Pitre : 35 min de route — Par la Route de la Traversée (D23), côté Petit-Bourg.
🅿️ Parking : Gratuit — Parkings de l'aire de Bras-David et de la Maison de la Forêt.
🥾 Sentiers : 5 à 20 min — Courts et ombragés, accessibles en famille.","Parkings de l'aire de Bras-David et de la Maison de la Forêt, gratuits",35 min depuis Pointe-à-Pitre,,"Crues soudaines,Terrain glissant",,,,,"Chaussures de marche
Anti-moustique
K-way
Pique-nique"
Rivière Corossol,riviere-corossol,Rivière,Publié,,"Identifiée dans les documents du Parc national, notamment dans le secteur de la Cascade aux Écrevisses.",,,,,,,,,,,,,,,,,,,,,,,,Basse-Terre,Petit-Bourg,,,Partiellement vérifié,,,,,,,,,Commune seulement,,,,,,,,,,,,,"Crues soudaines,Roches glissantes",,,,,
Cascade aux Écrevisses,cascade-aux-ecrevisses,Cascade,Publié,,"Petite cascade et bassin sur la rivière Corossol, en bord de Route de la Traversée, dans le Parc national. C'est la cascade la plus simple d'accès de Basse-Terre : une dizaine de minutes de sentier aménagé depuis le parking.",La cascade la plus simple d'accès de Basse-Terre : dix minutes de sentier depuis la Route de la Traversée.,Brouillon,"Une petite cascade et un bassin en pleine forêt, à dix minutes de marche de la route.","La Cascade aux Écrevisses se trouve sur la rivière Corossol, en bord de Route de la Traversée, dans le cœur du Parc national de la Guadeloupe, côté Petit-Bourg. C'est le site naturel le plus visité de l'île, avec près de 200 000 visiteurs par an. Un sentier pavé et plat d'environ 200 m longe la rivière jusqu'à une plateforme face à une chute de 8 à 10 m, qui tombe dans un bassin clair où l'on peut se baigner.",Pourquoi ce nom,"Le nom vient des ouassous, les écrevisses d'eau douce qui peuplaient autrefois le bassin et se font rares aujourd'hui. En chemin, des panneaux, dont une fresque en braille, présentent la faune du site : moqueur-trembleur, pic de la Guadeloupe, ouassous et crabes de rivière. Un second bassin, plus calme, se trouve en amont.","Cascade des Écrevisses
Crayfish Falls
Crayfish Waterfall","Hauteur : 8 à 10 m
Sentier : Pavé, 415 m aller-retour, 30 min
Accessibilité : Sentier adapté PMR et malvoyants (label Tourisme & Handicap)
Sur place : Aire de pique-nique de l'autre côté de la RD23, pas de poubelles
Se renseigner : Maison de la Forêt, à 2 km sur la RD23",,Venez avant 9 h en semaine : vous aurez le bassin pour vous. Remontez quelques mètres à gauche de la chute pour une vue moins fréquentée.,Avec cascade,Très facile,45,60,,10,10,aller,2,Selon débit,possible sous conditions,Toute l'année ; tôt le matin en semaine pour éviter la foule. Ne pas se baigner après de fortes pluies.,"Durée sur place,Âge conseillé,Temps de route,Parking,Quand y aller",Basse-Terre,Petit-Bourg,,,Vérifié,,"Cascade aux Écrevisses, la cascade la plus facile de Basse-Terre",Comment aller à la Cascade aux Écrevisses,,Cascade aux Écrevisses : questions fréquentes,,,,Public : itinéraire publié,,Accès ouvert,Accès libre et gratuit. Le Parc national mène des travaux sur le sentier : une fermeture temporaire est possible.,,,,"Route de la Traversée (D23), entre Versailles et la Maison de la Forêt, côté Petit-Bourg ; le parking est signalé en bord de route.","Prenez la Route de la Traversée (RD23) depuis Petit-Bourg ou Bouillante et garez-vous au parking de la Cascade aux Écrevisses, près du pont sur la rivière Corossol. Le sentier balisé en jaune part du parking. Soyez prudent en traversant la RD23, la circulation y est dense.","🚗 Pointe-à-Pitre : 30 min de route — Par la Route de la Traversée (D23), côté Petit-Bourg ou Bouillante.
🅿️ Parking : Gratuit, près du pont — Non surveillé : ne laissez rien de visible. Plein vers 11 h et le week-end.
🚌 En bus : Arrêt « Corossol » — Ligne 115 depuis Pointe-à-Pitre, arrêt sur le parking principal.","Parking aménagé en bord de route, gratuit, non surveillé",30 min depuis Pointe-à-Pitre,,"Crues soudaines,Parking non surveillé,Baignade non surveillée,Travaux éventuels",Baignade non surveillée,Baignade non surveillée,"Respectez l'affichage de l'ARS sur la qualité de l'eau. Si la rivière monte, ne traversez pas et attendez la décrue.",,"Chaussures qui accrochent sur roche mouillée
Maillot de bain
Serviette
Anti-moustique"
Chutes du Carbet,chutes-du-carbet,Cascade,Publié,,"Les trois chutes de la rivière du Grand Carbet, sur les flancs de la Soufrière, comptent parmi les sites les plus visités de Guadeloupe. Seule la 2e chute (110 m) est accessible en visite normale, par un sentier aménagé depuis l'aire d'accueil.","Trois chutes sur les flancs de la Soufrière, dont la 2e (110 m) se rejoint par un sentier aménagé.",Brouillon,"Une chute de 110 m qui jaillit de la forêt tropicale, au bout d'un sentier aménagé sur les flancs de la Soufrière.","Les Chutes du Carbet sont trois cascades de la rivière du Grand Carbet, sur la commune de Capesterre-Belle-Eau, dans le Parc national de la Guadeloupe. Ce sont parmi les sites les plus visités de l'île. Aujourd'hui, seule la 2e chute (110 m) est accessible en visite normale : un sentier aménagé de 20 à 25 minutes mène de l'aire d'accueil à un belvédère face à la cascade.",,"Un sentier dallé et des passerelles en forêt tropicale jusqu'à un belvédère face à la 2e chute. En chemin, le Grand Étang et le bassin Paradise valent un détour.","Carbet Falls
Chutes du Grand Carbet","Hauteur : 110 m pour la 2e chute
Accès : Payant, aire d'accueil en fin de route
À proximité : Grand Étang, bassin Paradise",,"Arrivez à l'ouverture : avant 9 h, la 2e chute est souvent dégagée et le sentier presque vide. Au retour, arrêtez-vous au Grand Étang.",Avec cascade,Facile,90,90,sur place,20,25,aller jusqu'à la 2e chute,4,Non,"non, baignade interdite au pied de la chute",Toute l'année ; le matin pour éviter les groupes et les nuages qui couvrent souvent la chute l'après-midi. Le site ferme en cas d'alerte météo.,"Durée sur place,Marche d'approche,Âge conseillé,Temps de route,Parking,Quand y aller,Baignade",Basse-Terre,Capesterre-Belle-Eau,,,Vérifié,,"Chutes du Carbet, les cascades géantes de la Soufrière",Comment aller aux Chutes du Carbet,,Chutes du Carbet : questions fréquentes,,,,Public : itinéraire publié,,Accès partiel,"Seule la 2e chute (110 m) est ouverte en accès normal : 45 min aller-retour depuis l'aire d'accueil, entrée payante. 1re chute fermée après un éboulement, 3e interdite depuis 2008.",Sailoe (2026),https://www.sailoe.com/en/carbet-falls-guadeloupe/,2026-09-30,"Depuis Capesterre-Belle-Eau, suivre la route des Chutes du Carbet (D3) par Saint-Sauveur jusqu'au bout, environ 10 km de montée.","Depuis Capesterre-Belle-Eau, prenez la route des Chutes du Carbet (D3) par Saint-Sauveur et montez jusqu'au bout, environ 10 km. Le parking de l'aire d'accueil marque le départ du sentier aménagé vers la 2e chute.","🚗 Pointe-à-Pitre : 1 h de route — 30 min depuis Basse-Terre, par Capesterre-Belle-Eau et Saint-Sauveur.
🅿️ Parking : Aire d'accueil, en fin de route — Entrée du site payante. Arrivez tôt pour éviter les groupes.
🥾 Sentier : 20 à 25 min — Sentier dallé et passerelles jusqu'au belvédère de la 2e chute.","Parking de l'aire d'accueil, en fin de route (entrée du site payante)","1 h depuis Pointe-à-Pitre, 30 min depuis Basse-Terre",,"Terrain montagneux,Roches glissantes,Conditions météorologiques",Seule la 2e chute est ouverte,Accès partiel,La 1re chute est fermée après un éboulement. La baignade est interdite au pied de la 2e chute. Le site ferme en cas d'alerte météo.,,"Chaussures de marche
K-way
Anti-moustique
Bouteille d'eau
Monnaie pour le droit d’entrée"
Chutes Moreau,chutes-moreau,Cascade,Publié,,"Une des randonnées les plus sauvages de Basse-Terre : un long sentier du Parc national depuis le parking Moreau à Goyave, avec plusieurs traversées de rivière et des passages raides équipés de cordes avant d'atteindre les chutes.","Une des randonnées les plus sauvages de Basse-Terre, avec plusieurs traversées de rivière.",Brouillon,"Une longue marche dans la forêt du Parc national, des gués à traverser et des chutes au bout de l'effort.","Les Chutes Moreau se trouvent sur la commune de Goyave, dans le Parc national de la Guadeloupe. C'est l'une des randonnées les plus sauvages de Basse-Terre : 2 h 30 à 3 h de marche aller depuis le parking Moreau, en forêt dense, avec plusieurs traversées de rivière et une fin de parcours raide équipée de cordes fixes.",,"Une marche longue en forêt dense, de la boue, des racines et plusieurs gués à traverser. La fin du parcours est raide et glissante, aidée de cordes fixes.","Cascades Moreau
Moreau Falls","Distance : 5 à 6 h aller-retour
Gués : Plusieurs traversées de rivière
Pour qui : Randonneurs expérimentés, dès 12 ans",,,Avec cascade,Difficile,300,360,aller-retour,150,180,aller,12,,,"Uniquement par temps sec, de préférence de février à avril. Ne pas partir si de la pluie est annoncée : les gués deviennent infranchissables.","Durée sur place,Marche d'approche,Âge conseillé,Itinéraire,Temps de route,Quand y aller",Basse-Terre,Goyave,,,Vérifié,,"Chutes Moreau, la randonnée sauvage de Goyave",Comment aller aux Chutes Moreau,,Chutes Moreau : questions fréquentes,,,,Public : itinéraire publié,checked,,,,,,"Depuis Goyave, suivre la route de Moreau vers l'intérieur des terres jusqu'au parking en fin de route.","Depuis Goyave, suivez la route de Moreau vers l'intérieur des terres jusqu'au parking en fin de route. Le sentier du Parc national part de là.","🚗 Pointe-à-Pitre : 45 min de route — Par Goyave, puis la route de Moreau jusqu'au bout.
🅿️ Parking : Moreau, fin de route — Non surveillé : ne laissez rien de visible.
🥾 Sentier : 2 h 30 à 3 h aller — Forêt dense, boue, racines et plusieurs gués.","Parking Moreau, en fin de route, non surveillé",45 min depuis Pointe-à-Pitre,,"Traversées de rivière,Boue,Racines,Parois raides,Cordages",Randonnée longue et difficile,Randonnée difficile,L'accès au site peut être restreint : vérifiez auprès du Parc national avant de partir. Ne partez jamais si de la pluie est annoncée.,"Les gués peuvent devenir infranchissables en quelques minutes.
Fin de parcours raide et glissante, aidée de cordes.
Partez tôt : prévoyez une lampe frontale.","Chaussures de randonnée montantes
Eau (2 L minimum)
Repas
Vêtements de rechange
Lampe frontale"
Rivière Moreau,riviere-moreau,Rivière,Publié,,"Cours d'eau associé aux Chutes Moreau, également listé parmi les cours d'eau classés.",,,,,,,,,,,,,,,,,,,,,,,,Basse-Terre,Goyave,,,Vérifié,,,,,,,,,Commune seulement,,,,,,,,,,,,,"Traversées de rivière,Crues soudaines,Terrain glissant",,,,,
Saut d'Acomat,saut-d-acomat,Bassin naturel,Publié,,"Bassin naturel au pied d'une cascade d'une dizaine de mètres, sur la rivière Grande Plaine, dans les hauteurs de Pointe-Noire. Le site est connu pour ses toboggans naturels et ses sauts, mais l'accès libre est interdit par arrêté municipal.","Un bassin vert émeraude au pied d'une chute de 9 à 12 m, que l'on découvre de l'intérieur avec un guide.",Brouillon,"Une chute d'une dizaine de mètres qui plonge dans un bassin vert émeraude, entre roches et forêt tropicale.","Le Saut d'Acomat est l'une des cascades les plus connues de Guadeloupe. Il se trouve sur la rivière Grande Plaine, au lieu-dit Les Plaines, à environ 2 km de la nationale 2 entre Mahaut et Pointe-Noire. La chute, haute de 9 à 12 m selon les sources, se jette dans un grand bassin naturel où les familles de la Côte-sous-le-Vent venaient se rafraîchir le dimanche. Le sentier, court mais raide et glissant, rejoint la rivière en 15 minutes environ.",,,"Saut de l'Acomat
Cascade Acomat
Acomat waterfall","Hauteur de chute : 9 à 12 m selon les sources
Bassin : Environ 2,5 m de profondeur, blocs rocheux au fond
À proximité : Maison du Cacao, plage de Caraïbe",,,Avec cascade,,,,,,,,,Selon débit,possible sous conditions,"De décembre à mai (carême), quand le débit est stable. À éviter pendant et après de fortes pluies.",Quand y aller,Basse-Terre,Pointe-Noire,,,Peu vérifié,,"Saut d'Acomat, la cascade émeraude de Pointe-Noire",,,Saut d'Acomat : questions fréquentes,,,,Fermé,checked,Accès interdit,"Accès interdit par arrêté municipal (risques d'éboulement et de crue), selon Wikipédia et Les Îles de Guadeloupe. Statut des sorties encadrées à confirmer.",Wikipédia,https://fr.wikipedia.org/wiki/Saut_de_l%27Acomat,2026-09-30,,,,,,,"Roches glissantes,Profondeur variable,Crues soudaines",Accès libre interdit par arrêté municipal,Accès libre interdit,"La commune de Pointe-Noire interdit l'accès au site en raison des risques d'éboulement, de coulées de boue et de crues soudaines.","Plongeon interdit : des blocs rocheux tapissent le fond du bassin.
Tourbillons au pied de la chute, avec effet d’aspiration.
La rivière peut monter en quelques minutes après une pluie en amont.","Chaussures fermées qui tiennent au pied
Maillot de bain
Serviette
Bouteille d'eau
Anti-moustique"
Canyon d'Acomat,canyon-d-acomat,Canyon,Publié,,"Avec un guide, on découvre la rivière Grande Plaine dans son lit : marche, nage dans les vasques et toboggans de roche polis par l'eau. Chaque saut peut être contourné, ce qui rend la sortie accessible dès 8 ans.",,,,,,,,,Pascal,"Levez les yeux en remontant la rivière : les fougères arborescentes et les balisiers sont plus beaux que la cascade elle-même. Et goûtez l'eau du verre de l'amitié, elle vient de la source.",,Facile,120,180,,20,25,,8,,,"De décembre à mai (carême), quand le débit est stable. À éviter pendant et après de fortes pluies.","Difficulté,Durée sur place",Basse-Terre,Pointe-Noire,,,,,,,,,"Seul, on s'arrête au bord du sentier : l'accès libre au saut est interdit. Avec Pascal, on découvre la rivière Grande Plaine de l'intérieur, avec ses vasques cachées, ses toboggans de roche et ses petits sauts invisibles depuis la rive. Il connaît chaque passage et adapte la sortie au débit du jour ; vous, vous profitez.",,,Avec un guide seulement,,,,,,,,,,,,,"Roches glissantes,Profondeur variable,Crues soudaines",,,,,
Rivière Bourceau,riviere-bourceau,Rivière,Publié,,"Rivière encaissée de la commune de Bouillante, sur la Côte-sous-le-Vent, descendue en canyoning avec quelques sauts et un premier rappel. C'est l'un des parcours d'initiation au canyoning technique les plus proposés de Basse-Terre.",Une gorge encaissée où l'on apprend vite : quelques sauts et un premier rappel.,Brouillon,"Une gorge ombragée de la Côte-sous-le-Vent, des vasques fraîches et un premier rappel encadré.","La rivière Bourceau coule dans les hauteurs de Bouillante, sur la Côte-sous-le-Vent. C'est l'un des parcours les plus proposés pour découvrir le canyoning technique en Guadeloupe : on y progresse dans une gorge étroite et ombragée, entre vasques, sauts contournables et un rappel sur corde encadré par le guide.",En sortie guidée,"Une gorge étroite et ombragée, des vasques d'eau fraîche, des sauts contournables et un rappel encadré. La journée complète ajoute une pause pique-nique au bord de l'eau.","Canyon Bourceau
Canyon de Bourceau","Rappel : Oui, encadré par le guide
Pour qui : Débutants en forme, dès 10 ans
Formules : Demi-journée ou journée",Quentin,"Gardez de l'énergie pour la dernière vasque : c'est la plus belle du parcours, et on y fait une vraie pause.",,Sportif,270,390,,30,30,,10,Oui,"en vasques, pendant la descente",Praticable toute l'année avec un guide ; le carême (décembre à mai) offre les conditions les plus régulières.,"Résumé,Difficulté,Quand y aller,Baignade",Basse-Terre,Bouillante,,,"Nom confirmé, détails à vérifier",,"Rivière Bourceau, le canyoning d'initiation à Bouillante",,Faire la rivière Bourceau avec un guide,Rivière Bourceau : questions fréquentes,,,,Avec un guide seulement,,Accès ouvert,Accessible en sortie guidée. À confirmer auprès de l'opérateur.,,,,,,,,,,Crues soudaines,,,,,"Chaussures de sport fermées
Maillot de bain
En-cas
Vêtements de rechange"
Rivière Beaugendre,riviere-beaugendre,Rivière,Publié,,"Cours d'eau officiellement listé ; informations sur la baignade, les cascades ou le canyoning restent à rechercher.",,,,,,,,,,,,,,,,,,,,,,,,Basse-Terre,Vieux-Habitants,,,"Nom confirmé, détails à vérifier",,,,,,,,,Commune seulement,,,,,,,,,,,,,Crues soudaines,,,,,
Rivière Grande-Anse,riviere-grande-anse,Rivière,Publié,,Cours d'eau présent dans la liste réglementaire des cours d'eau classés.,,,,,,,,,,,,,,,,,,,,,,,,Basse-Terre,,,,"Nom confirmé, détails à vérifier",,,,,,,,,,,,,,,,,,,,,,Crues soudaines,,,,,
Rivière du Pérou,riviere-du-perou,Rivière,Publié,,Cours d'eau officiellement listé ; caractéristiques récréatives et accès non confirmés.,,,,,,,,,,,,,,,,,,,,,,,,Basse-Terre,,,,"Nom confirmé, détails à vérifier",,,,,,,,,,,,,,,,,,,,,,Crues soudaines,,,,,
Rivière Lostau,riviere-lostau,Rivière,Publié,,Cours d'eau officiellement listé ; aucune information récréative suffisamment vérifiée n'a été ajoutée.,,,,,,,,,,,,,,,,,,,,,,,,Basse-Terre,,,,"Nom confirmé, détails à vérifier",,,,,,,,,,,,,,,,,,,,,,Crues soudaines,,,,,
Grande Rivière de Vieux-Habitants,grande-riviere-de-vieux-habitants,Rivière,Publié,,"Grande rivière de la Côte-sous-le-Vent, officiellement listée parmi les cours d'eau classés.",,,,,,,,,,,,,,,,,,,,,,,,Basse-Terre,Vieux-Habitants,,,"Nom confirmé, détails à vérifier",,,,,,,,,Commune seulement,,,,,,,,,,,,,Crues soudaines,,,,,
Rivière Ziotte,riviere-ziotte,Rivière,Publié,,Cours d'eau officiellement listé ; données touristiques et géographiques détaillées restant à compléter.,,,,,,,,,,,,,,,,,,,,,,,,Basse-Terre,,,,"Nom confirmé, détails à vérifier",,,,,,,,,,,,,,,,,,,,,,Crues soudaines,,,,,
Canyon doré,canyon-dore,Canyon,Publié,,"Canyon sauvage en forêt primaire, sur les pentes des Mamelles au-dessus de Pointe-Noire. On y accède par une longue marche hors sentier (+700 m de dénivelé), puis on descend le lit de la rivière entre marche, nage, sauts et floating, sans rappel.","Une longue montée en forêt primaire, puis un canyon que l'on descend presque seul.",Brouillon,"Une longue montée en forêt primaire, puis un canyon émeraude que l'on descend en nageant, en sautant et en se laissant porter.","Le Canyon doré se trouve sur les pentes des Mamelles, au-dessus de Pointe-Noire, en Côte-sous-le-Vent. On y accède par une marche d'approche hors sentier d'environ 1 h 30 et 700 m de dénivelé. La descente se fait ensuite dans le lit de la rivière, sans rappel : vasques profondes, petits sauts, passages à la nage et une gorge spectaculaire en fin de parcours.",En sortie guidée,"Une montée soutenue en forêt humide, puis une descente dans un canyon peu fréquenté : vasques profondes, petits sauts et passages à la nage. Pas de corde, mais une vraie journée d'effort.","Canyon Doré
Canyon des Mamelles","Dénivelé : +700 m à la montée
Rappel : Aucun, randonnée aquatique
Pour qui : Sportifs réguliers, dès 13 ans",Pascal,La lumière entre dans la gorge vers 11 h : c'est là que le canyon devient vraiment doré. On s'arrange pour y être à ce moment-là.,,Sportif,330,330,marche comprise,90,90,+700 m de dénivelé,13,Oui,"en vasques, pendant la descente",De décembre à mai de préférence. La sortie peut être annulée la veille si de la pluie est annoncée sur les hauteurs.,"Difficulté,Quand y aller,Baignade",Basse-Terre,Pointe-Noire,,,,,"Canyon doré, la randonnée aquatique sauvage des Mamelles",,Faire le Canyon doré avec un guide,Canyon doré : questions fréquentes,"Sans guide, le Canyon doré reste introuvable : pas de sentier, pas de balisage. Avec Pascal, vous montez par le bon versant, vous savez où sauter et où nager, et vous profitez d'un canyon où l'on croise rarement quelqu'un.",,,Avec un guide seulement,,Accès ouvert,Accessible en sortie guidée. À confirmer auprès de l'opérateur.,,,,,,,,,,Crues soudaines,Réservé aux personnes en bonne condition physique,Engagé physiquement,"La marche d'approche est longue et raide, hors sentier. Le canyon n'est pas balisé et se pratique uniquement avec un guide.","Ne partez pas seul : l'itinéraire n'est pas balisé.
La rivière peut monter vite après une pluie sur les hauteurs.
Prévoyez de l'eau et un repas : la sortie dure 5 h 30.","Chaussures de sport à semelle crantée
Maillot de bain
Eau (1,5 L minimum)
Repas tiré du sac
Vêtements de rechange"
Canyon Ferry,canyon-ferry,Canyon,Publié,,"Gorge resserrée du secteur de Bouillante, sur la Côte-sous-le-Vent. Le canyon enchaîne rappels et sauts plus engagés : c'est une journée pour ceux qui ont déjà fait du canyoning.","Une gorge resserrée où les rappels s'enchaînent, pour ceux qui ont déjà goûté au canyoning.",Brouillon,"Une gorge resserrée où les rappels s'enchaînent, pour ceux qui ont déjà goûté au canyoning.","Le Canyon Ferry se trouve dans le secteur de Bouillante, sur la Côte-sous-le-Vent. Après 25 minutes de descente à pied, la journée se passe dans une gorge étroite : rappels successifs, sauts sécurisés et progression continue dans l'eau. Une bonne condition physique est nécessaire, notamment pour la remontée finale.",En sortie guidée,"Des rappels qui s'enchaînent dans une gorge étroite, des sauts sécurisés et une progression continue dans l'eau. Prévoir une bonne condition physique pour la remontée finale.","Ravine Ferry
Ferry canyon","Rappels : Plusieurs, enchaînés
Pour qui : Déjà initiés, dès 14 ans
Durée : Journée, repas à prévoir",,,,Sportif,360,360,journée,25,25,"aller, 25 min retour",14,Oui,"en vasques, pendant la descente",De décembre à mai de préférence. Sortie confirmée la veille selon la météo.,"Difficulté,Quand y aller,Baignade",Basse-Terre,Bouillante,,,,,"Canyon Ferry, rappels et sauts dans les gorges de Bouillante",,Faire le Canyon Ferry avec un guide,Canyon Ferry : questions fréquentes,,,,Avec un guide seulement,,Accès ouvert,Accessible en sortie guidée. À confirmer auprès de l'opérateur.,,,,,,,,,,Crues soudaines,"Canyon technique, uniquement avec un guide",Parcours technique,"Le parcours enchaîne rappels et sauts dans une gorge étroite. Il demande du matériel, de l'expérience et une bonne condition physique.","Ne descendez jamais ce canyon sans guide ni matériel.
La sortie est confirmée la veille selon la météo.","Chaussures de sport fermées
Repas complet
Bouteille d'eau
Vêtements de rechange"
Canyon Bois Malaisé,canyon-bois-malaise,Canyon,Publié,,"Canyon technique de Vieux-Habitants, sur la Côte-sous-le-Vent, avec des rappels hauts et une progression exigeante. C'est le parcours le plus engagé proposé en sortie guidée dans l'annuaire.",La journée la plus exigeante de la sélection : rappels hauts et progression technique.,Brouillon,Des rappels hauts dans une gorge profonde : le parcours le plus engagé de l'annuaire.,"Le Canyon Bois Malaisé se trouve dans les hauteurs de Vieux-Habitants, sur la Côte-sous-le-Vent. C'est un canyon technique : rappels hauts, gorge profonde et une journée entière dans l'eau. Il s'adresse aux personnes en très bonne forme, à l'aise dans l'eau et sans vertige.",En sortie guidée,"Une gorge profonde, des rappels hauts sur corde et une journée entière dans le canyon. Réservé aux personnes en bonne forme, à l'aise dans l'eau et sans vertige.","Canyon de Bois Malaisé
Bois Malaisé","Rappels : Hauts, sur corde
Pour qui : Expérimentés, dès 16 ans
Durée : Journée complète",,,,Engagé,390,390,journée,45,45,,16,Oui,"en vasques, pendant la descente",De décembre à mai de préférence. Le guide peut annuler si le débit est trop fort.,"Difficulté,Quand y aller,Baignade",Basse-Terre,Vieux-Habitants,,,,,"Canyon Bois Malaisé, le canyon engagé de Vieux-Habitants",,Faire le Canyon Bois Malaisé avec un guide,Canyon Bois Malaisé : questions fréquentes,,,,Avec un guide seulement,,Accès ouvert,Accessible en sortie guidée. À confirmer auprès de l'opérateur.,,,,,,,,,,Crues soudaines,"Canyon engagé, uniquement avec un guide",Parcours engagé,"Rappels hauts, gorge profonde et longue journée dans l'eau. Ce parcours demande de l'expérience, du matériel et une très bonne condition physique.","Ne descendez jamais ce canyon sans guide ni matériel.
Le guide peut annuler si le débit est trop fort.","Chaussures de canyon ou de randonnée à semelle crantée
Repas complet
Eau (1,5 L minimum)
Vêtements de rechange"
