Nom,Slug,Statut,Lieu,Opérateur,Principale,Sous-titre,Durée (min),Prix adulte (€),Prix enfant (€),Tarif enfant jusqu'à (ans),Prix vérifiés le,Critères,Niveau,Esprit,Dès (ans),Approche (min),Points forts,Inclus,À apporter,Point de rendez-vous,Le mot du guide,Pourquoi je vous emmène ici,Histoire — statut,Sur ce site depuis
Canyon d'Acomat,acomat,Publié,Canyon d'Acomat,Yalodé,checked,"Randonnée aquatique sans rappel, fun et relaxante. Toboggans et sauts contournables, aucune difficulté obligatoire.",210,50,,,,"Famille,Toboggans naturels,Bain de forêt,Petit groupe",Facile,Détente & découverte,8,25,"Explorer les parties les plus inaccessibles des canyons des Mamelles : marche, nage, saut, floating.
Glisser sur les toboggans naturels creusés dans la roche.
Vous imprégner de l'atmosphère de la forêt avec tous vos sens (initiation au bain Shinrin Yoku).
Partager des moments extras avec vos proches, loin des foules.","Gilet de sauvetage
Shorty néoprène
Casque
Culotte de glisse
Verre de l'amitié","Chaussures de sport
Maillot de bain
Cordon à lunettes",,"C'est le canyon que je fais découvrir depuis 2012 : tout est contournable, donc personne ne reste au bord.","Acomat, c'est la rivière où tout le monde trouve sa place : les toboggans et les sauts se contournent, l'eau est claire et la forêt vient jusqu'au bord. Je l'ai choisie pour les familles parce qu'on peut vraiment en profiter sans se mettre en difficulté.",Brouillon,2012
Canyon doré,dore,Publié,Canyon doré,Yalodé,checked,"Un parcours mythique et très sauvage en forêt primaire. Sans rappel, mais marche d'approche difficile de +700 m de dénivelé.",330,70,,,,"Forêt primaire,Hors sentiers,Journée,Petit groupe",Sportif,Détente & découverte,13,90,"Crapahuter hors des sentiers battus dans un des plus beaux endroits de Guadeloupe.
Découvrir la faune et la flore avec un guide qui connaît parfaitement les lieux.
Enchaîner marche, nage, sauts et floating au cœur du canyon.","Gilet de sauvetage
Shorty néoprène
Casque
Sac et bidon XL
Verre de l'amitié","Chaussures de sport
Maillot de bain
Eau
Repas tiré du sac",,"Les 700 m de dénivelé filtrent tout : venez si vous marchez déjà régulièrement, vous aurez le canyon pour vous.","Le Canyon doré se mérite, mais c'est l'un des endroits les plus sauvages que je connaisse en Guadeloupe. On marche hors des sentiers, et une fois dans le canyon, on l'a pour nous.",Brouillon,
Randonnée aquatique Acomat – Family,wc-acomat,Publié,Canyon d'Acomat,Wild Canyon,,"La même rivière qu'Acomat, en formule Wild Canyon : rythme familial, pas de rappel, encadrement sportif.",180,50,40,12,,"Famille,Toboggans naturels,Formule Family",Facile,Détente & découverte,8,20,"Randonner dans le lit de la rivière entre nage, marche et petits sauts.
Glisser sur des toboggans naturels en toute sécurité.
Profiter d'un cadre tropical accessible dès 8 ans.","Combinaison néoprène
Casque
Baudrier","Chaussures de sport fermées
Maillot de bain
Serviette
Bouteille d'eau",,C'est le canyon idéal pour une première sortie en famille : personne n'est mis en difficulté.,"Pour une première sortie en famille, Acomat est idéal : on nage, on glisse, on saute un peu, et personne n'est mis en difficulté.",Brouillon,
Canyon Bois Malaisé – Journée sportif,wc-boismalaise,Publié,Canyon Bois Malaisé,Wild Canyon,checked,"Le parcours le plus engagé de Wild Canyon : rappels hauts, progression technique, réservé aux pratiquants en forme.",390,85,,,,"Rappel,Rappels hauts,Expérience requise,Journée entière",Engagé,Sensations fortes,16,45,"Descendre les rappels les plus hauts du parcours Wild Canyon.
Progresser en autonomie encadrée dans une gorge exigeante.
Terminer la journée avec le sentiment d'avoir vécu une vraie aventure sportive.","Baudrier et cordes
Casque
Combinaison néoprène 5 mm
Sac de canyon","Chaussures de canyon
Repas complet
Vêtements de rechange",,"Bois Malaisé, c'est notre journée la plus exigeante : venez si vous pratiquez déjà un sport d'endurance.",Bois Malaisé est notre journée la plus exigeante : des rappels hauts et une progression technique. On y va quand on a déjà le goût de l'effort.,Brouillon,
Canyon Bourceau – Demi-journée découverte,wc-bourceau-decouverte,Publié,Rivière Bourceau,Wild Canyon,checked,"Une demi-journée pour découvrir le canyoning technique : quelques sauts et un rappel encadré, sans excès.",270,60,50,12,,"Rappel,Initiation technique,Demi-journée,Rappel encadré",Sportif,Détente & découverte,12,30,"Descendre votre premier rappel encadré par un cordiste professionnel.
Enchaîner quelques sauts contournables dans une gorge encaissée.
Découvrir les techniques de progression du canyoning sportif.","Baudrier et corde
Casque
Combinaison néoprène","Chaussures de sport fermées
Maillot de bain
En-cas",,Le bon format pour tester le rappel sans s'engager sur une journée entière.,"Bourceau est la bonne porte d'entrée vers le canyoning technique : quelques sauts, un premier rappel, dans une gorge encaissée où l'on apprend vite.",Brouillon,
Canyon Bourceau – Journée family,wc-bourceau-family,Publié,Rivière Bourceau,Wild Canyon,,"Une journée complète sur le même canyon, avec pause pique-nique et davantage de temps pour profiter des vasques.",390,75,68,12,,"Rappel,Journée complète,Pique-nique,Rappel encadré",Sportif,Détente & découverte,10,30,"Prendre le temps d'explorer chaque vasque et chaque toboggan du canyon.
Pique-niquer au bord de l'eau entre deux portions du parcours.
Descendre un rappel encadré, à votre rythme.","Baudrier et corde
Casque
Combinaison néoprène
Pique-nique","Chaussures de sport fermées
Maillot de bain
Vêtements de rechange",,La version longue de Bourceau : parfaite si vous voulez que la journée entière soit consacrée au canyon.,"La journée complète à Bourceau laisse le temps de profiter de chaque vasque, avec une pause pique-nique au bord de l'eau.",Brouillon,
Canyon Ferry – Journée sensation,wc-ferry,Publié,Canyon Ferry,Wild Canyon,checked,"Une journée orientée sensations : sauts plus engagés, rappels enchaînés et progression continue dans la gorge.",360,70,,,,"Rappel,Sauts engagés,Rappels enchaînés,Journée entière",Sportif,Sensations fortes,14,25,"Enchaîner plusieurs rappels dans une gorge resserrée.
Sauter depuis des hauteurs plus engagées, toujours sécurisées.
Ressentir l'adrénaline dans un décor spectaculaire.","Baudrier et cordes
Casque
Combinaison néoprène
Sac de canyon","Chaussures de sport fermées
Repas complet
Vêtements de rechange",,"Ferry, c'est pour ceux qui ont déjà goûté au canyoning et qui veulent plus de sensations.","Ferry, c'est pour ceux qui ont déjà goûté au canyoning et qui en veulent plus : des rappels qui s'enchaînent et des sauts plus engagés dans une gorge resserrée.",Brouillon,
