Question,Lieu,Article,Ordre,Réponse
Où se trouve le Saut de la Lézarde ?,Saut de la Lézarde,,1,"Dans les hauteurs de Petit-Bourg, vers Vernou, en Basse-Terre, à environ 25 min de Pointe-à-Pitre."
Le Saut de la Lézarde est-il accessible ?,Saut de la Lézarde,,2,L'accès peut être restreint : renseignez-vous auprès de la mairie de Petit-Bourg avant de partir.
Combien de temps de marche ?,Saut de la Lézarde,,3,20 à 30 minutes de descente sur un sentier raide et boueux par endroits.
Peut-on se baigner ?,Saut de la Lézarde,,4,Le bassin est profond et la baignade n'est pas surveillée. Ne vous baignez pas si l'eau est trouble ou après la pluie.
Le parking est-il payant ?,Saut de la Lézarde,,5,"Oui, le parking est privé et une participation est demandée."
Quand y aller ?,Saut de la Lézarde,,6,"De décembre à mai, par temps sec : le sentier devient très glissant après la pluie."
Où se trouve la rivière Bras-David ?,Rivière Bras-David,,1,"Sur la Route de la Traversée (D23), secteur de la Maison de la Forêt, à Petit-Bourg, à environ 35 min de Pointe-à-Pitre."
Peut-on pique-niquer à Bras-David ?,Rivière Bras-David,,2,"Oui, une aire de pique-nique avec tables se trouve au bord de la rivière."
Peut-on se baigner ?,Rivière Bras-David,,3,"Dans les petits bassins, sous conditions et sous votre responsabilité. Évitez la rivière après de fortes pluies."
C'est adapté aux enfants ?,Rivière Bras-David,,4,"Oui, les sentiers sont courts (5 à 20 min) et ombragés."
Le parking est-il gratuit ?,Rivière Bras-David,,5,"Oui, les parkings de l'aire de Bras-David et de la Maison de la Forêt sont gratuits."
Quand y aller ?,Rivière Bras-David,,6,"Toute l'année ; la forêt reste humide même en saison sèche, prévoyez un K-way."
Où se trouve la Cascade aux Écrevisses ?,Cascade aux Écrevisses,,1,"Sur la Route de la Traversée (RD23), à Petit-Bourg, dans le cœur du Parc national de la Guadeloupe. Comptez 30 min de route depuis Pointe-à-Pitre."
Combien de temps de marche pour la cascade ?,Cascade aux Écrevisses,,2,"5 à 10 minutes par un sentier pavé et plat. L'aller-retour fait environ 415 m, comptez 30 min avec la pause."
Peut-on se baigner à la Cascade aux Écrevisses ?,Cascade aux Écrevisses,,3,"Oui, la baignade est autorisée mais pas surveillée. Suivez l'affichage de l'ARS sur la qualité de l'eau et sortez dès que l'eau se trouble."
Le site est-il accessible en fauteuil roulant ?,Cascade aux Écrevisses,,4,"Oui. Le parking et le sentier sont adaptés aux personnes à mobilité réduite et malvoyantes, avec le label Tourisme & Handicap."
Le parking est-il gratuit ?,Cascade aux Écrevisses,,5,"Oui, il est gratuit mais non surveillé. Il se remplit vite en fin de matinée et le week-end."
Peut-on y aller en bus ?,Cascade aux Écrevisses,,6,"Oui, la ligne 115 depuis Pointe-à-Pitre dessert l'arrêt « Corossol », sur le parking principal."
Pourquoi s'appelle-t-elle Cascade aux Écrevisses ?,Cascade aux Écrevisses,,7,"Pour les ouassous, des écrevisses d'eau douce autrefois nombreuses dans le bassin. Elles sont devenues rares avec la fréquentation."
Quelle est la hauteur de la cascade ?,Cascade aux Écrevisses,,8,Entre 8 et 10 m. Elle se jette dans la rivière Corossol.
Peut-on pique-niquer sur place ?,Cascade aux Écrevisses,,9,"Oui, une aire de pique-nique avec carbets se trouve de l'autre côté de la RD23. Il n'y a pas de poubelles : remportez vos déchets."
C'est adapté aux enfants ?,Cascade aux Écrevisses,,10,"Oui, c'est l'une des sorties nature les plus faciles de Guadeloupe, même avec de jeunes enfants."
Quand y aller ?,Cascade aux Écrevisses,,11,"Toute l'année. Venez tôt le matin en semaine pour éviter la foule, et évitez la baignade après de fortes pluies."
Que voir à proximité ?,Cascade aux Écrevisses,,12,"La Maison de la Forêt et ses sentiers, l'aire de Bras-David, et plus loin la Route de la Traversée jusqu'à la Côte-sous-le-Vent."
Où se trouvent les Chutes du Carbet ?,Chutes du Carbet,,1,"À Capesterre-Belle-Eau, sur les flancs de la Soufrière, dans le Parc national de la Guadeloupe. Comptez 1 h de route depuis Pointe-à-Pitre."
Les Chutes du Carbet sont-elles ouvertes ?,Chutes du Carbet,,2,En partie. Seule la 2e chute (110 m) est accessible en visite normale ; la 1re est fermée après un éboulement.
L'entrée est-elle payante ?,Chutes du Carbet,,3,"Oui, un droit d'entrée est demandé à l'aire d'accueil."
Combien de temps faut-il pour voir la 2e chute ?,Chutes du Carbet,,4,20 à 25 minutes de marche aller par un sentier aménagé. Prévoyez environ 1 h 30 sur place.
Peut-on se baigner aux Chutes du Carbet ?,Chutes du Carbet,,5,"Non, la baignade est interdite au pied de la chute."
C'est adapté aux enfants ?,Chutes du Carbet,,6,"Oui, le sentier vers la 2e chute est aménagé et accessible dès 4 ans environ."
Quand y aller ?,Chutes du Carbet,,7,"Toute l'année, de préférence le matin : moins de monde, et la chute est souvent couverte de nuages l'après-midi."
Que voir à proximité ?,Chutes du Carbet,,8,"Le Grand Étang et le bassin Paradise, sur la même route."
Où se trouvent les Chutes Moreau ?,Chutes Moreau,,1,"À Goyave, dans le Parc national de la Guadeloupe, à environ 45 min de Pointe-à-Pitre."
Combien de temps faut-il ?,Chutes Moreau,,2,"De 5 à 6 heures aller-retour, dont 2 h 30 à 3 h de marche aller."
La randonnée est-elle difficile ?,Chutes Moreau,,3,"Oui : longue, boueuse, avec plusieurs traversées de rivière et une fin raide aidée de cordes fixes."
À partir de quel âge ?,Chutes Moreau,,4,"Dès 12 ans environ, pour des marcheurs habitués."
Le site est-il accessible ?,Chutes Moreau,,5,L'accès peut être restreint : vérifiez auprès du Parc national avant de partir.
Quand y aller ?,Chutes Moreau,,6,"Uniquement par temps sec, de préférence de février à avril. Ne partez pas si de la pluie est annoncée."
Que prévoir ?,Chutes Moreau,,7,"Des chaussures de randonnée montantes, au moins 2 L d'eau, un repas, des vêtements de rechange et une lampe frontale."
Où se trouve le Saut d'Acomat ?,Saut d'Acomat,,1,"Sur la rivière Grande Plaine, à Pointe-Noire (Basse-Terre), au lieu-dit Les Plaines, à environ 2 km de la nationale 2 entre Mahaut et Pointe-Noire. Comptez 1 h 15 de route depuis Pointe-à-Pitre et 20 min depuis Deshaies."
Le Saut d'Acomat est-il ouvert au public ?,Saut d'Acomat,,2,"Non. L'accès libre au site est interdit par arrêté municipal, en raison des risques d'éboulement, de coulées de boue et de crues soudaines. Renseignez-vous auprès de la mairie de Pointe-Noire avant de vous y rendre."
Peut-on se baigner au Saut d'Acomat ?,Saut d'Acomat,,3,Pas en accès libre tant que l'arrêté est en vigueur. Le plongeon y est interdit : le fond du bassin est tapissé de blocs rocheux et la chute crée des tourbillons.
Quelle est la hauteur de la cascade d'Acomat ?,Saut d'Acomat,,4,"Entre 9 et 12 m selon les sources. Elle se jette dans un bassin vert émeraude d'environ 2,5 m de profondeur."
Quand aller au Saut d'Acomat ?,Saut d'Acomat,,5,"De décembre à mai (carême), quand le débit est stable. Évitez les jours de pluie et les lendemains de fortes averses : la rivière peut monter en quelques minutes."
Que voir près du Saut d'Acomat ?,Saut d'Acomat,,6,"La Maison du Cacao, à une centaine de mètres de l'entrée du site, et la plage de Caraïbe à Pointe-Noire. Deshaies et son jardin botanique sont à 20 minutes."
Peut-on faire du canyoning à Acomat ?,Canyon d'Acomat,,1,"Oui, avec un guide. Yalodé propose une randonnée aquatique sans rappel sur la rivière Grande Plaine : marche, nage, toboggans naturels et sauts, tous contournables. Comptez 3 h 30 d'activité, dès 8 ans."
Pourquoi faire Acomat avec un guide ?,Canyon d'Acomat,,2,"Le guide vous emmène dans des parties de la rivière qu'on ne trouve pas seul, choisit les passages sûrs et adapte la sortie au débit du jour. Le matériel est fourni et le groupe reste petit."
Qui guide la sortie à Acomat ?,Canyon d'Acomat,,3,"Pascal Proust, fondateur de Yalodé en 2012, titulaire du brevet d'État canyoning aquarando, avec plus de 15 ans d'expérience. Yalodé est noté 4,9 sur plus de 1 880 avis."
Combien coûte le canyoning à Acomat ?,Canyon d'Acomat,,4,"50 € par personne avec Yalodé, équipement compris (gilet, shorty, casque, culotte de glisse). Annulation gratuite jusqu'à 48 h avant l'activité."
Le canyoning à Acomat est-il adapté aux enfants ?,Canyon d'Acomat,,5,"Oui, dès 8 ans. Aucune difficulté n'est obligatoire : toboggans et sauts peuvent être contournés. Il faut être en bonne santé, avec un bon équilibre : la marche comporte environ 100 m de dénivelé, glissant par endroits."
Que prévoir pour le canyoning à Acomat ?,Canyon d'Acomat,,6,"Des chaussures de sport fermées, un maillot de bain et un cordon à lunettes si besoin. Le reste du matériel est fourni par le guide."
Où se trouve la rivière Bourceau ?,Rivière Bourceau,,1,"Dans les hauteurs de Bouillante, sur la Côte-sous-le-Vent (Basse-Terre), à environ 1 h 15 de Pointe-à-Pitre."
Faut-il savoir faire du rappel ?,Rivière Bourceau,,2,"Non. Le rappel est encadré et expliqué par le guide, ce qui fait de Bourceau un bon parcours pour une première fois."
À partir de quel âge ?,Rivière Bourceau,,3,"Dès 10 ans, avec une bonne condition physique."
Combien de temps dure la sortie ?,Rivière Bourceau,,4,"De 4 h 30 à 6 h 30, selon la formule choisie."
Peut-on y aller sans guide ?,Rivière Bourceau,,5,Ce n'est pas recommandé : le parcours comporte un rappel et demande du matériel et une connaissance de la rivière.
Que prévoir ?,Rivière Bourceau,,6,"Des chaussures de sport fermées, un maillot de bain, un en-cas et des vêtements de rechange. Le matériel technique est fourni."
Quelle est la meilleure période ?,Rivière Bourceau,,7,Praticable toute l'année avec un guide ; le carême (décembre à mai) offre les conditions les plus régulières.
Où se trouve le Canyon doré ?,Canyon doré,,1,"Sur les pentes des Mamelles, au-dessus de Pointe-Noire, en Côte-sous-le-Vent (Basse-Terre). Le rendez-vous se fait au parking du Saut d'Acomat."
Peut-on faire le Canyon doré sans guide ?,Canyon doré,,2,"Non. L'accès se fait hors sentier, sans balisage, et la descente demande de connaître la rivière. Le parcours se fait uniquement en sortie guidée."
Le Canyon doré est-il difficile ?,Canyon doré,,3,"Oui, physiquement. La marche d'approche dure environ 1 h 30 avec 700 m de dénivelé. Il n'y a pas de rappel, mais il faut être sportif régulier, avec un bon cardio et de bonnes articulations."
À partir de quel âge ?,Canyon doré,,4,"Dès 13 ans, avec une bonne condition physique."
Combien de temps dure la sortie ?,Canyon doré,,5,"Environ 5 h 30, marche d'approche et retour compris."
Combien coûte le Canyon doré ?,Canyon doré,,6,"70 € par personne avec Yalodé, équipement fourni (gilet, shorty, casque, sac étanche)."
Que prévoir ?,Canyon doré,,7,"Des chaussures de sport à semelle crantée, un maillot de bain, au moins 1,5 L d'eau et un repas tiré du sac."
Quelle est la meilleure période ?,Canyon doré,,8,De décembre à mai. La sortie peut être annulée la veille si de la pluie est annoncée sur les hauteurs.
Où se trouve le Canyon Ferry ?,Canyon Ferry,,1,"Dans le secteur de Bouillante, sur la Côte-sous-le-Vent (Basse-Terre), à environ 1 h 15 de Pointe-à-Pitre."
Le Canyon Ferry est-il adapté aux débutants ?,Canyon Ferry,,2,Il vaut mieux avoir déjà fait du canyoning : les rappels s'enchaînent et la journée est longue.
À partir de quel âge ?,Canyon Ferry,,3,"Dès 14 ans, avec une bonne condition physique."
Combien de temps dure la sortie ?,Canyon Ferry,,4,"Environ 6 heures, dont 25 minutes d'approche et 25 minutes de retour à pied."
Peut-on y aller sans guide ?,Canyon Ferry,,5,Non : c'est un canyon technique qui demande du matériel de corde et une connaissance du parcours.
Que prévoir ?,Canyon Ferry,,6,"Des chaussures de sport fermées, un repas complet, de l'eau et des vêtements de rechange."
Où se trouve le Canyon Bois Malaisé ?,Canyon Bois Malaisé,,1,"Dans les hauteurs de Vieux-Habitants, sur la Côte-sous-le-Vent (Basse-Terre), à environ 1 h 30 de Pointe-à-Pitre."
Le Canyon Bois Malaisé est-il difficile ?,Canyon Bois Malaisé,,2,"Oui. C'est le parcours le plus engagé de l'annuaire : rappels hauts, gorge profonde et journée complète."
À partir de quel âge ?,Canyon Bois Malaisé,,3,"Dès 16 ans, pour des personnes en très bonne forme, à l'aise dans l'eau et sans vertige."
Peut-on y aller sans guide ?,Canyon Bois Malaisé,,4,Non : le canyon demande du matériel de corde et une parfaite connaissance du parcours.
Que prévoir ?,Canyon Bois Malaisé,,5,"Des chaussures à semelle crantée, un repas complet, au moins 1,5 L d'eau et des vêtements de rechange."
Quelle est la meilleure période ?,Canyon Bois Malaisé,,6,De décembre à mai. Le guide peut annuler si le débit de la rivière est trop fort.
