Réf,Lieu,Sortie,Article,Rôle,Ordre,Lien de la photo,Fichier,Légende,Crédit,Licence,Droits,Source — nom,Source — page
acomat-hero-1,,Canyon d'Acomat,,Photo principale,0,https://www.kayak-guadeloupe.fr/images/canyoning-famille-01.jpg,,,Photo : Yalodé,,Partenaire,kayak-guadeloupe.fr,https://www.kayak-guadeloupe.fr/
baignade-riviere-hero-1,,,Baignade en rivière,Photo principale,0,https://commons.wikimedia.org/wiki/Special:FilePath/Guadeloupe%20-%20bassin%20paradise%20pr%C3%A8s%20des%20chutes%20du%20Carbet.jpg,,,"Photo : Wikimedia Commons, CC BY-SA 4.0",CC BY-SA 4.0,Libre (licence),commons.wikimedia.org,https://commons.wikimedia.org/wiki/File:Guadeloupe%20-%20bassin%20paradise%20pr%C3%A8s%20des%20chutes%20du%20Carbet.jpg
canyon-d-acomat-guided-1,Canyon d'Acomat,,,Photo de sortie guidée,0,https://www.kayak-guadeloupe.fr/images/canyoning-famille-02.jpg,,"Toboggans, vasques et sauts, accessibles seulement avec un guide.",Photo : Yalodé,,Partenaire,kayak-guadeloupe.fr,https://www.kayak-guadeloupe.fr/
canyon-d-acomat-guided-2,Canyon d'Acomat,,,Photo de sortie guidée,1,https://www.kayak-guadeloupe.fr/images/canyoning-famille-03.jpg,,"Toboggans, vasques et sauts, accessibles seulement avec un guide.",Photo : Yalodé,,Partenaire,kayak-guadeloupe.fr,https://www.kayak-guadeloupe.fr/
canyon-d-acomat-guided-3,Canyon d'Acomat,,,Photo de sortie guidée,2,https://www.kayak-guadeloupe.fr/images/canyoning-famille-04.jpg,,"Toboggans, vasques et sauts, accessibles seulement avec un guide.",Photo : Yalodé,,Partenaire,kayak-guadeloupe.fr,https://www.kayak-guadeloupe.fr/
canyon-d-acomat-guided-4,Canyon d'Acomat,,,Photo de sortie guidée,3,https://www.kayak-guadeloupe.fr/images/canyoning-famille-05.jpg,,"Toboggans, vasques et sauts, accessibles seulement avec un guide.",Photo : Yalodé,,Partenaire,kayak-guadeloupe.fr,https://www.kayak-guadeloupe.fr/
canyon-d-acomat-guided-5,Canyon d'Acomat,,,Photo de sortie guidée,4,https://www.kayak-guadeloupe.fr/images/canyoning-famille-06.jpg,,"Toboggans, vasques et sauts, accessibles seulement avec un guide.",Photo : Yalodé,,Partenaire,kayak-guadeloupe.fr,https://www.kayak-guadeloupe.fr/
canyon-d-acomat-guided-6,Canyon d'Acomat,,,Photo de sortie guidée,5,https://www.kayak-guadeloupe.fr/images/canyoning-famille-07.jpg,,"Toboggans, vasques et sauts, accessibles seulement avec un guide.",Photo : Yalodé,,Partenaire,kayak-guadeloupe.fr,https://www.kayak-guadeloupe.fr/
canyon-d-acomat-guided-7,Canyon d'Acomat,,,Photo de sortie guidée,6,https://www.kayak-guadeloupe.fr/images/canyoning-famille-08.jpg,,"Toboggans, vasques et sauts, accessibles seulement avec un guide.",Photo : Yalodé,,Partenaire,kayak-guadeloupe.fr,https://www.kayak-guadeloupe.fr/
canyon-d-acomat-guided-8,Canyon d'Acomat,,,Photo de sortie guidée,7,https://www.kayak-guadeloupe.fr/images/canyoning-famille-10.jpg,,"Toboggans, vasques et sauts, accessibles seulement avec un guide.",Photo : Yalodé,,Partenaire,kayak-guadeloupe.fr,https://www.kayak-guadeloupe.fr/
canyon-d-acomat-hero-1,Canyon d'Acomat,,,Photo principale,0,https://www.kayak-guadeloupe.fr/images/canyoning-famille-01.jpg,,,Photo : Yalodé (kayak-guadeloupe.fr),,Partenaire,kayak-guadeloupe.fr,https://www.kayak-guadeloupe.fr/
canyoning-debutant-hero-1,,,Canyoning débutant,Photo principale,0,https://www.kayak-guadeloupe.fr/images/canyoning-famille-01.jpg,,,Photo : Yalodé,,Partenaire,kayak-guadeloupe.fr,https://www.kayak-guadeloupe.fr/
canyoning-demi-journee-hero-1,,,Canyoning à la demi-journée,Photo principale,0,https://www.kayak-guadeloupe.fr/images/canyoning-famille-01.jpg,,,Photo : Yalodé,,Partenaire,kayak-guadeloupe.fr,https://www.kayak-guadeloupe.fr/
canyoning-enfants-hero-1,,,Canyoning avec enfants,Photo principale,0,https://www.kayak-guadeloupe.fr/images/canyoning-famille-01.jpg,,,Photo : Yalodé,,Partenaire,kayak-guadeloupe.fr,https://www.kayak-guadeloupe.fr/
canyoning-sensations-hero-1,,,Sensations fortes,Photo principale,0,https://www.kayak-guadeloupe.fr/images/yalode-sport-1.jpg,,,Photo : Yalodé,,Partenaire,kayak-guadeloupe.fr,https://www.kayak-guadeloupe.fr/
cascade-aux-ecrevisses-gallery-1,Cascade aux Écrevisses,,,Galerie,0,https://geotrek.guadeloupe-parcnational.fr/media/paperclip/trekking_poi/2763/la-cascade-aux-ecrevisses_4.JPG,,,Photo : Parc national de la Guadeloupe · Rando Guadeloupe,,Autorisation à obtenir,randoguadeloupe.gp,https://www.randoguadeloupe.gp/fr/trek/2752-Cascade-aux-Ecrevisses
cascade-aux-ecrevisses-gallery-2,Cascade aux Écrevisses,,,Galerie,1,https://geotrek.guadeloupe-parcnational.fr/media/paperclip/trekking_trek/2752/img_20260825_135450-zv0zs1t4y3q6-dkuvth1eqv2w.jpg,,,Photo : Parc national de la Guadeloupe · Rando Guadeloupe,,Autorisation à obtenir,randoguadeloupe.gp,https://www.randoguadeloupe.gp/fr/trek/2752-Cascade-aux-Ecrevisses
cascade-aux-ecrevisses-gallery-3,Cascade aux Écrevisses,,,Galerie,2,https://geotrek.guadeloupe-parcnational.fr/media/paperclip/trekking_poi/2761/img_20260626_072700-1hjtgbocgf5b.jpg,,,Photo : Parc national de la Guadeloupe · Rando Guadeloupe,,Autorisation à obtenir,randoguadeloupe.gp,https://www.randoguadeloupe.gp/fr/trek/2752-Cascade-aux-Ecrevisses
cascade-aux-ecrevisses-gallery-4,Cascade aux Écrevisses,,,Galerie,3,https://geotrek.guadeloupe-parcnational.fr/media/paperclip/trekking_poi/2756/le-long-de-la-riviere_3.JPG,,,Photo : Parc national de la Guadeloupe · Rando Guadeloupe,,Autorisation à obtenir,randoguadeloupe.gp,https://www.randoguadeloupe.gp/fr/trek/2752-Cascade-aux-Ecrevisses
cascade-aux-ecrevisses-gallery-5,Cascade aux Écrevisses,,,Galerie,4,https://geotrek.guadeloupe-parcnational.fr/media/paperclip/trekking_poi/2754/panneaux-de-presentation-du-parc-national.JPG,,,Photo : Parc national de la Guadeloupe · Rando Guadeloupe,,Autorisation à obtenir,randoguadeloupe.gp,https://www.randoguadeloupe.gp/fr/trek/2752-Cascade-aux-Ecrevisses
cascade-aux-ecrevisses-hero-1,Cascade aux Écrevisses,,,Photo principale,0,https://commons.wikimedia.org/wiki/Special:FilePath/Cascade%20aux%20%C3%A9crevisses%20(Guadeloupe).jpg,,,"Photo : Wikimedia Commons, CC BY-SA 4.0",CC BY-SA 4.0,Libre (licence),commons.wikimedia.org,https://commons.wikimedia.org/wiki/File:Cascade%20aux%20%C3%A9crevisses%20(Guadeloupe).jpg
cascades-faciles-acces-hero-1,,,Cascades faciles d'accès,Photo principale,0,https://commons.wikimedia.org/wiki/Special:FilePath/Cascade%20aux%20%C3%A9crevisses%20(Guadeloupe).jpg,,,"Photo : Wikimedia Commons, CC BY-SA 4.0",CC BY-SA 4.0,Libre (licence),commons.wikimedia.org,https://commons.wikimedia.org/wiki/File:Cascade%20aux%20%C3%A9crevisses%20(Guadeloupe).jpg
chutes-du-carbet-hero-1,Chutes du Carbet,,,Photo principale,0,https://commons.wikimedia.org/wiki/Special:FilePath/Guadeloupe%20-%20bassin%20paradise%20pr%C3%A8s%20des%20chutes%20du%20Carbet.jpg,,,"Photo : Wikimedia Commons, CC BY-SA 4.0",CC BY-SA 4.0,Libre (licence),commons.wikimedia.org,https://commons.wikimedia.org/wiki/File:Guadeloupe%20-%20bassin%20paradise%20pr%C3%A8s%20des%20chutes%20du%20Carbet.jpg
dore-hero-1,,Canyon doré,,Photo principale,0,https://www.kayak-guadeloupe.fr/images/yalode-sport-1.jpg,,,Photo : Yalodé,,Partenaire,kayak-guadeloupe.fr,https://www.kayak-guadeloupe.fr/
randonnee-aquatique-hero-1,,,Randonnée aquatique,Photo principale,0,https://www.kayak-guadeloupe.fr/images/yalode-sport-1.jpg,,,Photo : Yalodé,,Partenaire,kayak-guadeloupe.fr,https://www.kayak-guadeloupe.fr/
saut-d-acomat-hero-1,Saut d'Acomat,,,Photo principale,0,https://www.kayak-guadeloupe.fr/images/bassin-guadeloupe.jpg,,,Photo : Yalodé,,Partenaire,kayak-guadeloupe.fr,https://www.kayak-guadeloupe.fr/
saut-d-acomat-site-1,Saut d'Acomat,,,Photo du site,0,https://www.kayak-guadeloupe.fr/images/bassin-guadeloupe.jpg,,"La cascade et le bassin, tels qu'on les voit depuis la rive.",Photo : Yalodé,,Partenaire,kayak-guadeloupe.fr,https://www.kayak-guadeloupe.fr/
saut-d-acomat-site-2,Saut d'Acomat,,,Photo du site,1,https://www.kayak-guadeloupe.fr/images/cascade-toboggan.jpg,,"La cascade et le bassin, tels qu'on les voit depuis la rive.",Photo : Yalodé,,Partenaire,kayak-guadeloupe.fr,https://www.kayak-guadeloupe.fr/
saut-d-acomat-site-3,Saut d'Acomat,,,Photo du site,2,https://www.kayak-guadeloupe.fr/images/riviere-guadeloupe.jpg,,"La cascade et le bassin, tels qu'on les voit depuis la rive.",Photo : Yalodé,,Partenaire,kayak-guadeloupe.fr,https://www.kayak-guadeloupe.fr/
saut-de-la-lezarde-hero-1,Saut de la Lézarde,,,Photo principale,0,https://commons.wikimedia.org/wiki/Special:FilePath/Saut%20de%20la%20L%C3%A9zarde.JPG,,,"Photo : LPLT, Wikimedia Commons, CC BY-SA 3.0",CC BY-SA 3.0,Libre (licence),commons.wikimedia.org,https://commons.wikimedia.org/wiki/File:Saut%20de%20la%20L%C3%A9zarde.JPG
site-illustration-1,,,,Photo d'illustration,0,https://commons.wikimedia.org/wiki/Special:FilePath/Saut%20de%20la%20L%C3%A9zarde.JPG,,,"Photo : LPLT, Wikimedia Commons, CC BY-SA 3.0",CC BY-SA 3.0,Libre (licence),commons.wikimedia.org,https://commons.wikimedia.org/wiki/File:Saut%20de%20la%20L%C3%A9zarde.JPG
site-illustration-2,,,,Photo d'illustration,1,https://commons.wikimedia.org/wiki/Special:FilePath/Cascade%20aux%20%C3%A9crevisses%20(Guadeloupe).jpg,,,"Photo : Wikimedia Commons, CC BY-SA 4.0",CC BY-SA 4.0,Libre (licence),commons.wikimedia.org,https://commons.wikimedia.org/wiki/File:Cascade%20aux%20%C3%A9crevisses%20(Guadeloupe).jpg
site-illustration-3,,,,Photo d'illustration,2,https://commons.wikimedia.org/wiki/Special:FilePath/Guadeloupe%20-%20bassin%20paradise%20pr%C3%A8s%20des%20chutes%20du%20Carbet.jpg,,,"Photo : Wikimedia Commons, CC BY-SA 4.0",CC BY-SA 4.0,Libre (licence),commons.wikimedia.org,https://commons.wikimedia.org/wiki/File:Guadeloupe%20-%20bassin%20paradise%20pr%C3%A8s%20des%20chutes%20du%20Carbet.jpg
