Réf,Lieu,Article,Nom,Lien,Type,Utilisée pour,Presse,Titre,Éditeur,Note
canyon-bois-malaise-source-1,Canyon Bois Malaisé,,Wild Canyon (wild-canyon.fr),https://wild-canyon.fr/,Opérateur,description,,,,
canyon-d-acomat-source-1,Canyon d'Acomat,,Yalodé (kayak-guadeloupe.fr),https://www.kayak-guadeloupe.fr/,Opérateur,description,,,,
canyon-dore-source-1,Canyon doré,,Yalodé (kayak-guadeloupe.fr),https://www.kayak-guadeloupe.fr/,Opérateur,description,,,,
canyon-ferry-source-1,Canyon Ferry,,Wild Canyon (wild-canyon.fr),https://wild-canyon.fr/,Opérateur,description,,,,
cascade-aux-ecrevisses-source-1,Cascade aux Écrevisses,,Parc national de la Guadeloupe,https://guadeloupe-parcnational.fr/fr/actualites/cascade-aux-ecrevisses-une-nouvelle-phase-de-travaux-pour-un-sentier-plus-sur-et,Officielle,description,,,,
cascade-aux-ecrevisses-source-2,Cascade aux Écrevisses,,Rando Guadeloupe,https://www.randoguadeloupe.gp/fr/trek/2752-Cascade-aux-Ecrevisses,Officielle,presse,checked,Fiche randonnée : Cascade aux Écrevisses,Parc national de la Guadeloupe,"Tracé GPX, profil, accessibilité et accès en bus."
cascade-aux-ecrevisses-source-3,Cascade aux Écrevisses,,Les îles de Guadeloupe,https://www.lesilesdeguadeloupe.com/decouvrir/espaces-naturels/les-cascades/la-cascade-aux-ecrevisses/,Office de tourisme,presse,checked,La Cascade aux Écrevisses,Comité du tourisme,Présentation officielle du site et conseils de visite.
cascade-aux-ecrevisses-source-4,Cascade aux Écrevisses,,Wikipédia,https://fr.wikipedia.org/wiki/Cascade_aux_%C3%A9crevisses,Média,presse,checked,Cascade aux écrevisses,Encyclopédie,"Localisation, hauteur et fréquentation."
cascade-aux-ecrevisses-source-5,Cascade aux Écrevisses,,Guadeloupe Tourisme,https://fr.guadeloupe-tourisme.com/366/cascade-aux-ecrevisses-petitbourg/,Média,presse,checked,"Cascade aux écrevisses, Petit-Bourg",Guide en ligne,Le second bassin en amont et les carbets de pique-nique.
chutes-du-carbet-source-1,Chutes du Carbet,,Parc national de la Guadeloupe,https://www.guadeloupe-parcnational.fr/sites/guadeloupe-parcnational.fr/files/atoms/files/depliant_chutes_carbet.pdf,Officielle,description,,,,
chutes-du-carbet-source-2,Chutes du Carbet,,Sailoe (2026),https://www.sailoe.com/en/carbet-falls-guadeloupe/,Média,statut d'accès,,,,
chutes-moreau-source-1,Chutes Moreau,,Parc national de la Guadeloupe,https://geotrek.guadeloupe-parcnational.fr/api/fr/treks/1576/chutes-moreau.pdf,Officielle,description,,,,
grande-riviere-a-goyaves-source-1,Grande Rivière à Goyaves,,Parc national de la Guadeloupe,https://guadeloupe-parcnational.fr/fr/des-connaissances/patrimoines-naturels/les-milieux/milieux-humides/eau-douce-cascades-et-rivieres,Officielle,description,,,,
grande-riviere-de-vieux-habitants-source-1,Grande Rivière de Vieux-Habitants,,Parc national de la Guadeloupe,https://www.guadeloupe-parcnational.fr/fr/node/2307,Officielle,description,,,,
riviere-beaugendre-source-1,Rivière Beaugendre,,Préfecture de Guadeloupe (DEAL),https://www.legifrance.gouv.fr/loda/id/JORFTEXT000031496919,Officielle,description,,,,
riviere-bourceau-source-1,Rivière Bourceau,,Préfecture de Guadeloupe (DEAL),https://www.legifrance.gouv.fr/loda/id/JORFTEXT000031496919,Officielle,description,,,,
riviere-bras-david-source-1,Rivière Bras-David,,Parc national de la Guadeloupe,https://guadeloupe-parcnational.fr/fr/raa/2022,Officielle,description,,,,
riviere-corossol-source-1,Rivière Corossol,,Parc national de la Guadeloupe,https://www.guadeloupe-parcnational.fr/fr/raa/2021,Officielle,description,,,,
riviere-du-perou-source-1,Rivière du Pérou,,Préfecture de Guadeloupe (DEAL),https://www.legifrance.gouv.fr/loda/id/JORFTEXT000031496919,Officielle,description,,,,
riviere-grande-anse-source-1,Rivière Grande-Anse,,Préfecture de Guadeloupe (DEAL),https://www.legifrance.gouv.fr/loda/id/JORFTEXT000031496919,Officielle,description,,,,
riviere-lezarde-source-1,Rivière Lézarde,,Parc national de la Guadeloupe,https://guadeloupe-parcnational.fr/fr/des-connaissances/patrimoines-naturels/les-milieux/milieux-humides/eau-douce-cascades-et-rivieres,Officielle,description,,,,
riviere-lostau-source-1,Rivière Lostau,,Préfecture de Guadeloupe (DEAL),https://www.legifrance.gouv.fr/loda/id/JORFTEXT000031496919,Officielle,description,,,,
riviere-moreau-source-1,Rivière Moreau,,Parc national de la Guadeloupe,https://geotrek.guadeloupe-parcnational.fr/api/fr/treks/1576/chutes-moreau.pdf,Officielle,description,,,,
riviere-moustique-source-1,Rivière Moustique,,Préfecture de Guadeloupe (DEAL),https://www.legifrance.gouv.fr/loda/id/JORFTEXT000031496919,Officielle,description,,,,
riviere-ziotte-source-1,Rivière Ziotte,,Préfecture de Guadeloupe (DEAL),https://www.legifrance.gouv.fr/loda/id/JORFTEXT000031496919,Officielle,description,,,,
saut-d-acomat-source-1,Saut d'Acomat,,Visite Guadeloupe,https://visiteguadeloupe.com/en/most-beautiful-waterfalls-guadeloupe-swimming-hikes/,Média,description,,,,
saut-d-acomat-source-2,Saut d'Acomat,,Wikipédia,https://fr.wikipedia.org/wiki/Saut_de_l%27Acomat,Média,statut d'accès,,,,
saut-de-la-lezarde-source-1,Saut de la Lézarde,,Parc national de la Guadeloupe,https://guadeloupe-parcnational.fr/fr/des-connaissances/patrimoines-naturels/les-milieux/milieux-humides/eau-douce-cascades-et-rivieres,Officielle,description,,,,
site-source-1,,,Parc national de la Guadeloupe,https://www.guadeloupe-parcnational.fr/,Officielle,articles,,,,
site-source-2,,,Rando Guadeloupe,https://www.randoguadeloupe.gp/,Officielle,articles,,,,
site-source-3,,,Les îles de Guadeloupe,https://www.lesilesdeguadeloupe.com/,Office de tourisme,articles,,,,
site-source-4,,,Yalodé,https://www.kayak-guadeloupe.fr/,Opérateur,articles,,,,
site-source-5,,,Wild Canyon,https://wild-canyon.fr/,Opérateur,articles,,,,
